id,is_positive,method,is_plagiarized,reason,evidence_mine,evidence_oai,ms_elapsed
neg_002,False,pure_embedding,False,,[],,40.72403907775879
neg_005,False,pure_embedding,False,,[],,48.9048957824707
neg_013,False,pure_embedding,False,,[],,37.14346885681152
pos_chunk_00010,True,pure_embedding,True,,"[{'chunk_id': 'chunk_00009', 'path': 'got\\download.go', 'text': 'func (d *Download) Size() uint64 {\n\treturn atomic.LoadUint64(&d.size)\n}\n\n// Speed returns download speed.', 'similarity': 0.8427877272758555}, {'chunk_id': 'chunk_00010', 'path': 'got\\download.go', 'text': 'func (d *Download) Speed() uint64 {\n\treturn (atomic.LoadUint64(&d.size) - atomic.LoadUint64(&d.lastSize)) / d.Interval * 1000\n}\n\n// AvgSpeed returns average download speed.', 'similarity': 0.813157274634057}, {'chunk_id': 'chunk_00011', 'path': 'got\\download.go', 'text': 'func (d *Download) AvgSpeed() uint64 {\n\n\tif totalMills := d.TotalCost().Milliseconds(); totalMills > 0 {\n\t\treturn uint64(atomic.LoadUint64(&d.size) / uint64(totalMills) * 1000)\n\t}\n\n\treturn 0\n}\n\n// TotalCost returns download duration.', 'similarity': 0.76831317061961}]",,29.619216918945312
neg_004,False,pure_embedding,False,,[],,18.908977508544922
neg_001,False,pure_embedding,False,,[],,17.866849899291992
pos_chunk_00011,True,pure_embedding,True,,"[{'chunk_id': 'chunk_00011', 'path': 'got\\download.go', 'text': 'func (d *Download) AvgSpeed() uint64 {\n\n\tif totalMills := d.TotalCost().Milliseconds(); totalMills > 0 {\n\t\treturn uint64(atomic.LoadUint64(&d.size) / uint64(totalMills) * 1000)\n\t}\n\n\treturn 0\n}\n\n// TotalCost returns download duration.', 'similarity': 0.9327829612208552}, {'chunk_id': 'chunk_00010', 'path': 'got\\download.go', 'text': 'func (d *Download) Speed() uint64 {\n\treturn (atomic.LoadUint64(&d.size) - atomic.LoadUint64(&d.lastSize)) / d.Interval * 1000\n}\n\n// AvgSpeed returns average download speed.', 'similarity': 0.7829313366111307}]",,29.845237731933594
neg_010,False,pure_embedding,False,,[],,25.231122970581055
pos_chunk_00008,True,pure_embedding,True,,"[{'chunk_id': 'chunk_00008', 'path': 'got\\download.go', 'text': 'func (d *Download) TotalSize() uint64 {\n\treturn d.info.Size\n}\n\n// Size returns downloaded size.', 'similarity': 0.947433231668069}]",,15.248537063598633
pos_chunk_00014,True,pure_embedding,True,,"[{'chunk_id': 'chunk_00014', 'path': 'got\\download.go', 'text': 'func (d *Download) IsRangeable() bool {\n\treturn d.info.Rangeable\n}\n\n// Download chunks', 'similarity': 0.884463238101745}]",,11.201143264770508
pos_chunk_00003,True,pure_embedding,True,,"[{'chunk_id': 'chunk_00003', 'path': 'got\\download.go', 'text': 'func (d *Download) GetInfoOrDownload() (*Info, error) {\n\n\tvar (\n\t\terr  error\n\t\tdest *os.File\n\t\treq  *http.Request\n\t\tres  *http.Response\n\t)\n\n\tif req, err = NewRequest(d.ctx, ""GET"", d.URL, append(d.Header, GotHeader{""Range"", ""bytes=0-0""})); err != nil {\n\t\treturn &Info{}, err\n\t}\n\n\tif res, err = d.Client.Do(req); err != nil {\n\t\treturn &Info{}, err\n\t}\n\tdefer res.Body.Close()\n\n\tif res.StatusCode >= 300 {\n\t\treturn &Info{}, fmt.Errorf(""Response status code is not ok: %d"", res.StatusCode)\n\t}\n\n\t// Set content disposition non trusted name\n\td.unsafeName = res.Header.Get(""content-disposition"")\n\n\tif dest, err = os.Create(d.Path()); err != nil {\n\t\treturn &Info{}, err\n\t}\n\tdefer dest.Close()\n\n\tif _, err = io.Copy(dest, io.TeeReader(res.Body, d)); err != nil {\n\t\treturn &Info{}, err\n\t}\n\n\t// Get content length from content-range response header,\n\t// if content-range exists, that means partial content is supported.\n\tif cr := res.Header.Get(""content-range""); cr != """" && res.ContentLength == 1 {\n\t\tl := strings.Split(cr, ""/"")\n\t\tif len(l) == 2 {\n\t\t\tif length, err := strconv.ParseUint(l[1], 10, 64); err == nil {\n\n\t\t\t\treturn &Info{\n\t\t\t\t\tSize:      length,\n\t\t\t\t\tRangeable: true,\n\t\t\t\t}, nil\n\t\t\t}\n\t\t}\n\t\t// Make sure the caller knows about the problem and we don\'t just silently fail\n\t\treturn &Info{}, fmt.Errorf(""Response includes content-range header which is invalid: %s"", cr)\n\t}\n\n\treturn &Info{}, nil\n}\n\n// Init set defaults and split file into chunks and gets Info,\n// you should call Init before Start', 'similarity': 0.7881016919471014}, {'chunk_id': 'chunk_00017', 'path': 'got\\download.go', 'text': 'func (d *Download) DownloadChunk(c *Chunk, dest io.Writer) error {\n\n\tvar (\n\t\terr error\n\t\treq *http.Request\n\t\tres *http.Response\n\t)\n\n\tif req, err = NewRequest(d.ctx, ""GET"", d.URL, d.Header); err != nil {\n\t\treturn err\n\t}\n\n\tcontentRange := fmt.Sprintf(""bytes=%d-%d"", c.Start, c.End)\n\treq.Header.Set(""Range"", contentRange)\n\n\tif res, err = d.Client.Do(req); err != nil {\n\t\treturn err\n\t}\n\n\t// Verify the length\n\tif res.ContentLength != int64(c.End-c.Start+1) {\n\t\treturn fmt.Errorf(\n\t\t\t""Range request returned invalid Content-Length: %d however the range was: %s"",\n\t\t\tres.ContentLength, contentRange,\n\t\t)\n\t}\n\n\tdefer res.Body.Close()\n\n\t_, err = io.CopyN(dest, io.TeeReader(res.Body, d), res.ContentLength)\n\n\treturn err\n}\n\n// NewDownload returns new *Download with context.', 'similarity': 0.782558950682046}]",,74.58186149597168
pos_chunk_00015,True,pure_embedding,True,,"[{'chunk_id': 'chunk_00015', 'path': 'got\\download.go', 'text': 'func (d *Download) dl(dest io.WriterAt, errC chan error) {\n\n\tvar (\n\t\t// Wait group.\n\t\twg sync.WaitGroup\n\n\t\t// Concurrency limit.\n\t\tmax = make(chan int, d.Concurrency)\n\t)\n\n\tfor i := 0; i < len(d.chunks); i++ {\n\n\t\tmax <- 1\n\t\twg.Add(1)\n\n\t\tgo func(i int) {\n\t\t\tdefer wg.Done()\n\n\t\t\t// Concurrently download and write chunk\n\t\t\tif err := d.DownloadChunk(d.chunks[i], &OffsetWriter{dest, int64(d.chunks[i].Start)}); err != nil {\n\t\t\t\terrC <- err\n\t\t\t\treturn\n\t\t\t}\n\n\t\t\t<-max\n\t\t}(i)\n\t}\n\n\twg.Wait()\n\terrC <- nil\n}\n\n// Return constant path which will not change once the download starts', 'similarity': 0.8800490653690556}]",,54.821014404296875
neg_009,False,pure_embedding,False,,[],,20.42841911315918
neg_008,False,pure_embedding,False,,[],,27.40788459777832
neg_007,False,pure_embedding,False,,[],,23.228168487548828
neg_014,False,pure_embedding,False,,[],,14.391899108886719
pos_chunk_00012,True,pure_embedding,True,,"[{'chunk_id': 'chunk_00012', 'path': 'got\\download.go', 'text': 'func (d *Download) TotalCost() time.Duration {\n\treturn time.Now().Sub(d.startedAt)\n}\n\n// Write updates progress size.', 'similarity': 0.847264926716214}]",,14.520406723022461
pos_chunk_00007,True,pure_embedding,False,,[],,10.378360748291016
neg_006,False,pure_embedding,False,,[],,18.721818923950195
pos_chunk_00006,True,pure_embedding,True,,"[{'chunk_id': 'chunk_00006', 'path': 'got\\download.go', 'text': 'func (d *Download) RunProgress(fn ProgressFunc) {\n\n\t// Set default interval.\n\tif d.Interval == 0 {\n\t\td.Interval = uint64(400 / runtime.NumCPU())\n\t}\n\n\tsleepd := time.Duration(d.Interval) * time.Millisecond\n\n\tfor {\n\n\t\tif d.StopProgress {\n\t\t\tbreak\n\t\t}\n\n\t\t// Context check.\n\t\tselect {\n\t\tcase <-d.ctx.Done():\n\t\t\treturn\n\t\tdefault:\n\t\t}\n\n\t\t// Run progress func.\n\t\tfn(d)\n\n\t\t// Update last size\n\t\tatomic.StoreUint64(&d.lastSize, atomic.LoadUint64(&d.size))\n\n\t\t// Interval.\n\t\ttime.Sleep(sleepd)\n\t}\n}\n\n// Context returns download context.', 'similarity': 0.8737930358492714}]",,31.220197677612305
pos_chunk_00009,True,pure_embedding,True,,"[{'chunk_id': 'chunk_00009', 'path': 'got\\download.go', 'text': 'func (d *Download) Size() uint64 {\n\treturn atomic.LoadUint64(&d.size)\n}\n\n// Speed returns download speed.', 'similarity': 0.8433901530201564}]",,24.444580078125
neg_011,False,pure_embedding,False,,[],,16.959428787231445
pos_chunk_00005,True,pure_embedding,False,,[],,57.59072303771973
neg_015,False,pure_embedding,False,,[],,19.768953323364258
neg_012,False,pure_embedding,False,,[],,21.276473999023438
pos_chunk_00002,True,pure_embedding,True,,"[{'chunk_id': 'chunk_00002', 'path': 'got\\chunks_test.go', 'text': 'func TestChunksLength(t *testing.T) {\n\n\td := &Download{\n\t\tURL:          ""https://proof.ovh.net/files/10Mb.dat"",\n\t\tMinChunkSize: 5242870,\n\t}\n\n\tif err := d.Init(); err != nil {\n\n\t\tt.Error(err)\n\t\treturn\n\t}\n\n\tchunk0 := Chunk{\n\t\tStart: 0,\n\t\tEnd:   5242870,\n\t}\n\n\t// Last chunk should not have end,\n\t// So the server must respond with the remaining content starting form 5242871\n\tchunk1 := Chunk{\n\t\tStart: 5242871,\n\t\tEnd:   10485759,\n\t}\n\n\tif d.info.Rangeable == false {\n\t\tt.Errorf(""Chunk information could not be retrieved for the test file: %s"", d.URL)\n\t\treturn\n\t}\n\n\tif d.chunks[0].Start != 0 {\n\n\t\tt.Errorf(""First chunk should start from 0, but got %d"", d.chunks[0].Start)\n\t}\n\n\tif chunk0.End != d.chunks[0].End {\n\n\t\tt.Errorf(""Chunk 0 expecting: %d but got: %d"", chunk0.End, d.chunks[0].End)\n\t}\n\n\tif d.chunks[1].Start != 5242871 {\n\n\t\tt.Errorf(""Second chunk should start from: 5242871, but got %d"", d.chunks[1].Start)\n\t}\n\n\tif chunk1.End != d.chunks[1].End {\n\n\t\tt.Errorf(""Chunk 1 expecting: %d but got: %d"", chunk1.End, d.chunks[1].End)\n\t}\n}', 'similarity': 0.7723971455972203}]",,58.4716796875
pos_chunk_00013,True,pure_embedding,False,,[],,20.039081573486328
neg_003,False,pure_embedding,False,,[],,38.450002670288086
pos_chunk_00004,True,pure_embedding,True,,"[{'chunk_id': 'chunk_00004', 'path': 'got\\download.go', 'text': 'func (d *Download) Init() (err error) {\n\n\t// Set start time.\n\td.startedAt = time.Now()\n\n\t// Set default client.\n\tif d.Client == nil {\n\t\td.Client = DefaultClient\n\t}\n\n\t// Set default context.\n\tif d.ctx == nil {\n\t\td.ctx = context.Background()\n\t}\n\n\t// Get URL info and partial content support state\n\tif d.info, err = d.GetInfoOrDownload(); err != nil {\n\t\treturn err\n\t}\n\n\t// Partial content not supported, and the file downladed.\n\tif d.info.Rangeable == false {\n\t\treturn nil\n\t}\n\n\t// Set concurrency default.\n\tif d.Concurrency == 0 {\n\t\td.Concurrency = getDefaultConcurrency()\n\t}\n\n\t// Set default chunk size\n\tif d.ChunkSize == 0 {\n\t\td.ChunkSize = getDefaultChunkSize(d.info.Size, d.MinChunkSize, d.MaxChunkSize, uint64(d.Concurrency))\n\t}\n\n\tchunksLen := d.info.Size / d.ChunkSize\n\td.chunks = make([]*Chunk, 0, chunksLen)\n\n\t// Set chunk ranges.\n\tfor i := uint64(0); i < chunksLen; i++ {\n\n\t\tchunk := new(Chunk)\n\t\td.chunks = append(d.chunks, chunk)\n\n\t\tchunk.Start = (d.ChunkSize * i) + i\n\t\tchunk.End = chunk.Start + d.ChunkSize\n\t\tif chunk.End >= d.info.Size || i == chunksLen-1 {\n\t\t\tchunk.End = d.info.Size - 1\n\t\t\t// Break on last chunk if i < chunksLen\n\t\t\tbreak\n\t\t}\n\t}\n\n\treturn nil\n}\n\n// Start downloads the file chunks, and merges them.\n// Must be called only after init', 'similarity': 0.787616168602992}]",,56.45108222961426
pos_chunk_00001,True,pure_embedding,True,,"[{'chunk_id': 'chunk_00001', 'path': 'got\\chunk.go', 'text': 'func (dst *OffsetWriter) Write(b []byte) (n int, err error) {\n\tn, err = dst.WriteAt(b, dst.offset)\n\tdst.offset += int64(n)\n\treturn\n}\n\n// Chunk represents the partial content range\ntype Chunk struct {\n\tStart, End uint64\n}', 'similarity': 0.8895321894753399}]",,15.514373779296875
neg_002,False,direct_llm,False,"The candidate snippets do not contain any code that is structurally or functionally similar to the query function. They focus on different functionalities related to downloading and managing file chunks, while the query function specifically reverses a string.",,[],2234.257936477661
neg_005,False,direct_llm,False,"The candidate snippets do not contain any code that resembles the query function in structure, logic, or control flow. They focus on different functionalities related to downloading files and managing chunks, which are unrelated to the Fibonacci function provided in the query.",,[],1986.039400100708
neg_013,False,direct_llm,False,"The candidate snippets do not contain any code that is structurally or functionally similar to the query code. The query code is a simple function that counts even numbers in a slice, while the candidates are focused on downloading files and managing chunks, which is a completely different context and functionality.",,[],2002.192735671997
pos_chunk_00010,True,direct_llm,True,"The candidate snippet [10] contains an identical implementation of the query function, with the same logic and structure, indicating direct copying or very close imitation.",,['Candidate snippet [10] is identical to the query code.'],2504.6517848968506
neg_004,False,direct_llm,False,"The candidate snippets do not contain any code that resembles the query function in structure, logic, or control flow. They focus on different functionalities related to downloading files and managing chunks, which is unrelated to the factorial calculation in the query code.",,[],1838.4053707122803
neg_001,False,direct_llm,False,"The candidate snippets do not contain any code that is structurally or functionally similar to the query code. The query code is a simple function that sums a slice of integers, while the candidates involve more complex operations related to downloading files and handling HTTP requests.",,[],1627.5837421417236
pos_chunk_00011,True,direct_llm,True,"The candidate snippet [11] contains the same function signature and logic as the query code, with only minor differences in formatting and comments. The structure and control flow are identical, indicating direct copying or very close adaptation of the original code.",,"['Candidate snippet [11] has the same function signature: `func (d *Download) AvgSpeed() uint64 {`', 'The logic for calculating average speed is identical: `if totalMills := d.TotalCost().Milliseconds(); totalMills > 0 { return uint64(atomic.LoadUint64(&d.size) / uint64(totalMills) * 1000) }`', 'The return statement for the case when `totalMills` is not greater than 0 is also the same: `return 0`']",3951.5597820281982
neg_010,False,direct_llm,False,"The candidate snippets do not contain any code that resembles the structure, logic, or functionality of the provided query code for counting words in a string. They focus on different functionalities related to downloading files and managing chunks, which is unrelated to the word counting task.",,[],2305.3457736968994
pos_chunk_00008,True,direct_llm,True,"The candidate snippet [8] contains an identical function definition to the query code, including the same function signature and body, indicating direct copying.",,"['Candidate snippet [8]: `func (d *Download) TotalSize() uint64 { return d.info.Size }`', 'Query code: `func (d *Download) TotalSize() uint64 { return d.info.Size }`']",2879.9712657928467
pos_chunk_00014,True,direct_llm,True,"The candidate snippet [14] contains an identical function definition and implementation as the query code, indicating direct copying.",,['Candidate snippet [14]: `func (d *Download) IsRangeable() bool { return d.info.Rangeable }`'],1831.3212394714355
pos_chunk_00003,True,direct_llm,True,"The candidate snippet 3 is nearly identical to the query code, with only minor differences in variable names and formatting. The overall structure, control flow, and logic are the same, indicating a high level of similarity and potential plagiarism.",,"['Candidate snippet 3 contains the same function signature as the query code: `func (d *Download) GetInfoOrDownload() (*Info, error)`', 'The error handling and response structure in both snippets are identical, including the use of `fmt.Errorf` for error messages.', 'The logic for checking the response status code and handling the content-range header is almost verbatim in both snippets.', 'The variable declarations and their usage are structured in the same way, indicating a direct copy rather than an independent implementation.']",4608.504056930542
pos_chunk_00015,True,direct_llm,True,"The candidate snippet 15 is nearly identical to the query code, with only minor differences in formatting and comments. The structure, control flow, and logic are the same, indicating a high likelihood of plagiarism.",,"['Candidate snippet 15 has the same function signature as the query code: `func (d *Download) dl(dest io.WriterAt, errC chan error)`', 'The logic for managing the wait group and concurrency is identical in both snippets.', 'The error handling and chunk downloading logic are also the same, with only slight variations in comments.']",3383.747100830078
neg_009,False,direct_llm,False,"The candidate snippets do not contain any code that resembles the structure, logic, or functionality of the provided query code for BubbleSort. They focus on different functionalities related to downloading files and managing chunks, which is unrelated to sorting algorithms.",,[],5018.048048019409
neg_008,False,direct_llm,False,"The candidate snippets do not contain any code that resembles the query function in structure, logic, or control flow. They focus on different functionalities related to downloading files and managing chunks, which is unrelated to the palindrome checking logic in the query code.",,[],2351.5353202819824
neg_007,False,direct_llm,False,"The candidate snippets do not contain any code that resembles the query function in structure, logic, or control flow. They focus on different functionalities related to downloading files and managing chunks, which are unrelated to counting vowels in a string.",,[],3786.9207859039307
neg_014,False,direct_llm,False,"The candidate snippets do not contain any code that is structurally or functionally similar to the query code. The query code implements a simple function to check if a target integer exists in a slice of integers, while the candidate snippets are focused on downloading files, handling chunks, and managing HTTP requests, which are unrelated to the functionality of the query code.",,[],3383.7664127349854
pos_chunk_00012,True,direct_llm,True,"The candidate snippet 12 is identical to the query code, indicating direct copying without modification.",,['Candidate snippet 12: `func (d *Download) TotalCost() time.Duration { return time.Now().Sub(d.startedAt) }`'],2931.7517280578613
pos_chunk_00007,True,direct_llm,True,"The candidate snippet [7] contains an identical function definition to the query code, including the same function signature and body, indicating direct copying.",,['Candidate snippet [7] contains the exact same function: `func (d *Download) Context() context.Context { return d.ctx }`'],2624.572515487671
neg_006,False,direct_llm,False,"The candidate snippets do not contain any code that is structurally or functionally similar to the query code. The query code implements a specific algorithm to find the maximum value in a slice, while the candidate snippets focus on various aspects of downloading files, handling HTTP requests, and managing chunks of data. There is no overlap in functionality or structure.",,[],3240.5033111572266
pos_chunk_00006,True,direct_llm,True,"The candidate snippet [6] is nearly identical to the query code, with only minor differences in formatting and comments. The structure, control flow, and logic are the same, indicating direct copying or very close adaptation.",,"['Candidate snippet [6] contains the same function signature and logic as the query code.', 'The control flow using `select` and `for` loops is identical in both snippets.', 'The use of `atomic.StoreUint64` and `time.Sleep` is present in both snippets with the same logic.']",3389.441967010498
pos_chunk_00009,True,direct_llm,True,"The candidate snippet [9] contains an exact match of the query function, indicating direct plagiarism.",,['Candidate snippet [9]: `func (d *Download) Size() uint64 { return atomic.LoadUint64(&d.size) }`'],1843.9772129058838
neg_011,False,direct_llm,False,"The candidate snippets do not share any structural or functional similarities with the query code. The query code implements a specific function to convert a string to uppercase, while the candidates focus on downloading files, managing chunks, and handling HTTP requests. There is no overlap in logic or purpose.",,[],2315.770149230957
pos_chunk_00005,True,direct_llm,True,"The candidate snippet 5 has a very similar structure and control flow to the query code, particularly in the handling of context, error channels, and file operations. The overall logic and sequence of operations are closely aligned, indicating potential plagiarism.",,"[""Both snippets define a method named 'Start' for a 'Download' struct."", 'Both methods check if the file is rangeable and handle context cancellation in a similar manner.', ""Both snippets create a file and handle errors in a similar way, including the use of 'defer' to close the file."", 'The use of a channel to handle errors from a goroutine is present in both snippets.']",4132.866621017456
neg_015,False,direct_llm,False,"The candidate snippets do not contain any code that resembles the query function in structure, logic, or purpose. They focus on different functionalities related to downloading files and managing chunks, which is unrelated to merging slices of integers.",,[],3151.3047218322754
neg_012,False,direct_llm,False,"The candidate snippets do not contain any code that is structurally or functionally similar to the query code for calculating the average of a slice of float64 numbers. They focus on different functionalities related to downloading files and managing chunks, which are unrelated to the average calculation.",,[],2067.803382873535
pos_chunk_00002,True,direct_llm,True,"The candidate snippet [2] is nearly identical to the query code, with only minor differences in formatting and comments. The structure, control flow, and logic are the same, indicating that it is a direct copy or very closely derived from the original code.",,"['The function name and signature are identical: `func TestChunksLength(t *testing.T)`', 'The initialization of the `Download` struct is the same, including the URL and `MinChunkSize` values.', 'The checks for `d.info.Rangeable` and the corresponding error messages are identical in both snippets.', 'The logic for checking the start and end of chunks is the same, including the specific values being checked and the error messages that are produced.']",3828.0551433563232
pos_chunk_00013,True,direct_llm,True,"The candidate snippet [13] has a function that is structurally and functionally identical to the query code. Both functions are methods of the same type, perform the same operations (updating a size counter and returning the length of the byte slice), and use atomic operations in the same way.",,"['Candidate snippet [13] has the same function signature: `func (d *Download) Write(b []byte) (int, error)`', 'Both functions use `atomic.AddUint64(&d.size, uint64(n))` to update the size, which is a direct match in functionality.', 'The return statement in both functions is `return n, nil`, which is identical.']",3551.2144565582275
neg_003,False,direct_llm,False,"The candidate snippets do not share any structural or functional similarities with the query code. The query code implements a function to return unique integers from a slice, while the candidates focus on downloading files, handling chunks, and testing functionalities related to downloads. There is no overlap in logic, control flow, or purpose.",,[],3370.4750537872314
pos_chunk_00004,True,direct_llm,True,"The candidate snippet 4 has a very similar structure and control flow to the query code. It contains the same logic for initializing the download, checking for rangeable info, setting concurrency, and chunk size, as well as the loop for creating chunks. The overall design and sequence of operations are nearly identical, indicating a high likelihood of plagiarism.",,"[""Candidate snippet 4 has the same function signature and purpose as the query code's Init function."", 'Both snippets check if the Client is nil and set it to DefaultClient.', 'Both snippets check if the ctx is nil and set it to context.Background().', 'Both snippets retrieve info using GetInfoOrDownload and handle the error in the same way.', 'Both snippets calculate chunksLen and create chunks in a similar loop structure.']",7838.616132736206
pos_chunk_00001,True,direct_llm,True,"The candidate snippet [1] is nearly identical to the query code, with only minor changes in variable names and formatting. The structure, control flow, and logic are the same, indicating a high level of similarity and potential plagiarism.",,"['Candidate snippet [1] has the same function signature and logic as the query code.', ""The variable names in candidate snippet [1] are changed from 'count' and 'e' to 'n' and 'err', but the functionality remains unchanged."", 'The order of operations and the way the offset is updated is identical in both snippets.']",3841.315746307373
neg_002,False,rag,False,The candidate snippets do not share any structural or functional similarities with the query code. They serve different purposes and implement different functionalities.,[],[],1845.808506011963
neg_005,False,rag,False,The candidate snippets do not share any structural or functional similarities with the query code. They implement different algorithms and serve different purposes.,[],[],1498.2309341430664
neg_013,False,rag,False,The candidate snippets do not share structural or functional similarities with the query code. They implement different algorithms and logic unrelated to counting even numbers in a slice.,[],"['Candidate 1 retrieves a count from a network structure, unrelated to counting even numbers.', 'Candidate 2 calculates the absolute value of a number, which is a different mathematical operation.', 'Candidate 3 finds minimum rotations for dominoes, which involves different data structures and logic.', 'Candidate 4 is a test function for RPC counts, unrelated to the counting of even integers.', 'Candidate 5 counts pairs of durations divisible by 60, which is a different problem altogether.']",3514.057159423828
pos_chunk_00010,True,rag,True,"The candidate snippet [2] is identical to the query code in both structure and logic, with no changes in the implementation.","[{'chunk_id': 'chunk_00009', 'path': 'got\\download.go', 'text': 'func (d *Download) Size() uint64 {\n\treturn atomic.LoadUint64(&d.size)\n}\n\n// Speed returns download speed.', 'similarity': 0.8427877272758555}, {'chunk_id': 'chunk_00010', 'path': 'got\\download.go', 'text': 'func (d *Download) Speed() uint64 {\n\treturn (atomic.LoadUint64(&d.size) - atomic.LoadUint64(&d.lastSize)) / d.Interval * 1000\n}\n\n// AvgSpeed returns average download speed.', 'similarity': 0.813157274634057}, {'chunk_id': 'chunk_00011', 'path': 'got\\download.go', 'text': 'func (d *Download) AvgSpeed() uint64 {\n\n\tif totalMills := d.TotalCost().Milliseconds(); totalMills > 0 {\n\t\treturn uint64(atomic.LoadUint64(&d.size) / uint64(totalMills) * 1000)\n\t}\n\n\treturn 0\n}\n\n// TotalCost returns download duration.', 'similarity': 0.76831317061961}]","['func (d *Download) Speed() uint64 {', 'return (atomic.LoadUint64(&d.size) - atomic.LoadUint64(&d.lastSize)) / d.Interval * 1000', '}']",2766.871690750122
neg_004,False,rag,False,The candidate snippets do not share any structural or functional similarities with the query code. They implement different functionalities and do not exhibit similar control flow or recursive patterns.,[],[],2048.558473587036
neg_001,False,rag,False,The candidate snippets do not share any structural or functional similarities with the query code. They implement different algorithms and logic unrelated to the summation of a slice of integers.,[],[],2445.044755935669
pos_chunk_00011,True,rag,True,"The candidate snippet [1] has a similar structure and control flow to the query code, including the same logic for calculating average speed based on total milliseconds and the use of atomic operations.","[{'chunk_id': 'chunk_00011', 'path': 'got\\download.go', 'text': 'func (d *Download) AvgSpeed() uint64 {\n\n\tif totalMills := d.TotalCost().Milliseconds(); totalMills > 0 {\n\t\treturn uint64(atomic.LoadUint64(&d.size) / uint64(totalMills) * 1000)\n\t}\n\n\treturn 0\n}\n\n// TotalCost returns download duration.', 'similarity': 0.9327829612208552}, {'chunk_id': 'chunk_00010', 'path': 'got\\download.go', 'text': 'func (d *Download) Speed() uint64 {\n\treturn (atomic.LoadUint64(&d.size) - atomic.LoadUint64(&d.lastSize)) / d.Interval * 1000\n}\n\n// AvgSpeed returns average download speed.', 'similarity': 0.7829313366111307}]","['Both snippets define a method AvgSpeed() for the Download type.', 'Both snippets check if totalMills is greater than 0 before performing the calculation.', 'Both snippets use atomic.LoadUint64 to access the size variable.']",2880.0220489501953
neg_010,False,rag,False,The candidate snippets do not share structural or functional similarities with the query code. They serve different purposes and do not exhibit any significant overlap in logic or control flow.,[],[],1842.0047760009766
pos_chunk_00008,True,rag,True,"The candidate snippet [1] is identical to the query code, with only an additional comment following the function definition.","[{'chunk_id': 'chunk_00008', 'path': 'got\\download.go', 'text': 'func (d *Download) TotalSize() uint64 {\n\treturn d.info.Size\n}\n\n// Size returns downloaded size.', 'similarity': 0.947433231668069}]",['Candidate snippet [1] is identical to the query code.'],1743.863582611084
pos_chunk_00014,True,rag,True,"The candidate snippet [1] is identical to the query code, with the only addition being a comment. This indicates direct copying of the function implementation without any modification.","[{'chunk_id': 'chunk_00014', 'path': 'got\\download.go', 'text': 'func (d *Download) IsRangeable() bool {\n\treturn d.info.Rangeable\n}\n\n// Download chunks', 'similarity': 0.884463238101745}]",['Candidate snippet [1] is identical to the query code.'],2148.0772495269775
pos_chunk_00003,True,rag,True,"The candidate snippet [1] has a very similar structure, control flow, and logic to the query code, including the handling of HTTP requests, response status checks, and error handling. The overall approach and sequence of operations are nearly identical, indicating a high likelihood of plagiarism.","[{'chunk_id': 'chunk_00003', 'path': 'got\\download.go', 'text': 'func (d *Download) GetInfoOrDownload() (*Info, error) {\n\n\tvar (\n\t\terr  error\n\t\tdest *os.File\n\t\treq  *http.Request\n\t\tres  *http.Response\n\t)\n\n\tif req, err = NewRequest(d.ctx, ""GET"", d.URL, append(d.Header, GotHeader{""Range"", ""bytes=0-0""})); err != nil {\n\t\treturn &Info{}, err\n\t}\n\n\tif res, err = d.Client.Do(req); err != nil {\n\t\treturn &Info{}, err\n\t}\n\tdefer res.Body.Close()\n\n\tif res.StatusCode >= 300 {\n\t\treturn &Info{}, fmt.Errorf(""Response status code is not ok: %d"", res.StatusCode)\n\t}\n\n\t// Set content disposition non trusted name\n\td.unsafeName = res.Header.Get(""content-disposition"")\n\n\tif dest, err = os.Create(d.Path()); err != nil {\n\t\treturn &Info{}, err\n\t}\n\tdefer dest.Close()\n\n\tif _, err = io.Copy(dest, io.TeeReader(res.Body, d)); err != nil {\n\t\treturn &Info{}, err\n\t}\n\n\t// Get content length from content-range response header,\n\t// if content-range exists, that means partial content is supported.\n\tif cr := res.Header.Get(""content-range""); cr != """" && res.ContentLength == 1 {\n\t\tl := strings.Split(cr, ""/"")\n\t\tif len(l) == 2 {\n\t\t\tif length, err := strconv.ParseUint(l[1], 10, 64); err == nil {\n\n\t\t\t\treturn &Info{\n\t\t\t\t\tSize:      length,\n\t\t\t\t\tRangeable: true,\n\t\t\t\t}, nil\n\t\t\t}\n\t\t}\n\t\t// Make sure the caller knows about the problem and we don\'t just silently fail\n\t\treturn &Info{}, fmt.Errorf(""Response includes content-range header which is invalid: %s"", cr)\n\t}\n\n\treturn &Info{}, nil\n}\n\n// Init set defaults and split file into chunks and gets Info,\n// you should call Init before Start', 'similarity': 0.7881016919471014}, {'chunk_id': 'chunk_00017', 'path': 'got\\download.go', 'text': 'func (d *Download) DownloadChunk(c *Chunk, dest io.Writer) error {\n\n\tvar (\n\t\terr error\n\t\treq *http.Request\n\t\tres *http.Response\n\t)\n\n\tif req, err = NewRequest(d.ctx, ""GET"", d.URL, d.Header); err != nil {\n\t\treturn err\n\t}\n\n\tcontentRange := fmt.Sprintf(""bytes=%d-%d"", c.Start, c.End)\n\treq.Header.Set(""Range"", contentRange)\n\n\tif res, err = d.Client.Do(req); err != nil {\n\t\treturn err\n\t}\n\n\t// Verify the length\n\tif res.ContentLength != int64(c.End-c.Start+1) {\n\t\treturn fmt.Errorf(\n\t\t\t""Range request returned invalid Content-Length: %d however the range was: %s"",\n\t\t\tres.ContentLength, contentRange,\n\t\t)\n\t}\n\n\tdefer res.Body.Close()\n\n\t_, err = io.CopyN(dest, io.TeeReader(res.Body, d), res.ContentLength)\n\n\treturn err\n}\n\n// NewDownload returns new *Download with context.', 'similarity': 0.782558950682046}]","['Both snippets define a function with the same name and signature: `GetInfoOrDownload() (*Info, error)`.', 'Both snippets handle HTTP requests using a similar sequence of operations: creating a request, executing it, checking the response status, and handling errors.', 'The error handling and return statements are structured in a very similar way, including the use of `fmt.Errorf` for error messages.', 'Both snippets check for the `content-range` header and parse it in the same manner, including the use of `strings.Split` and `strconv.ParseUint`.', 'The final return statements in both snippets return an `Info` object with similar fields.']",4608.063697814941
pos_chunk_00015,True,rag,True,"The candidate snippet [1] closely resembles the query code in structure, control flow, and logic, including the use of goroutines, wait groups, and error handling. The overall approach to downloading chunks concurrently is identical, indicating a high level of similarity.","[{'chunk_id': 'chunk_00015', 'path': 'got\\download.go', 'text': 'func (d *Download) dl(dest io.WriterAt, errC chan error) {\n\n\tvar (\n\t\t// Wait group.\n\t\twg sync.WaitGroup\n\n\t\t// Concurrency limit.\n\t\tmax = make(chan int, d.Concurrency)\n\t)\n\n\tfor i := 0; i < len(d.chunks); i++ {\n\n\t\tmax <- 1\n\t\twg.Add(1)\n\n\t\tgo func(i int) {\n\t\t\tdefer wg.Done()\n\n\t\t\t// Concurrently download and write chunk\n\t\t\tif err := d.DownloadChunk(d.chunks[i], &OffsetWriter{dest, int64(d.chunks[i].Start)}); err != nil {\n\t\t\t\terrC <- err\n\t\t\t\treturn\n\t\t\t}\n\n\t\t\t<-max\n\t\t}(i)\n\t}\n\n\twg.Wait()\n\terrC <- nil\n}\n\n// Return constant path which will not change once the download starts', 'similarity': 0.8800490653690556}]","['The use of `sync.WaitGroup` to manage concurrent downloads is present in both snippets.', 'Both snippets utilize a buffered channel for concurrency control (`max` channel).', 'The error handling mechanism is similar, where errors are sent to the `errC` channel.', 'The loop structure for iterating over `d.chunks` is almost identical, with minor variable name differences.']",3921.8151569366455
neg_009,False,rag,False,"The candidate snippets do not share any structural or functional similarities with the query code. They implement different algorithms and data structures, and there is no overlap in logic or control flow.",[],[],1831.0260772705078
neg_008,False,rag,False,The candidate snippets do not share any structural or functional similarities with the query code. They serve different purposes and have different control flows.,[],[],2184.993028640747
neg_007,False,rag,False,"The candidate snippets do not contain any code that is structurally or functionally similar to the query code for counting vowels. They focus on different functionalities such as token parsing and testing, which are unrelated to vowel counting.",[],[],1892.714262008667
neg_014,False,rag,False,"The candidate snippets do not share structural similarities, control flow, or logic with the query code.",[],[],1587.0001316070557
pos_chunk_00012,True,rag,True,"The candidate snippet [1] is identical to the query code, with only a comment added. This constitutes plagiarism as it is a direct copy of the original code.","[{'chunk_id': 'chunk_00012', 'path': 'got\\download.go', 'text': 'func (d *Download) TotalCost() time.Duration {\n\treturn time.Now().Sub(d.startedAt)\n}\n\n// Write updates progress size.', 'similarity': 0.847264926716214}]",['Candidate snippet [1] is identical to the query code except for an additional comment.'],2168.856620788574
pos_chunk_00007,True,rag,True,"The candidate snippet [3] contains the exact same function definition as the query code, indicating direct copying.",[],"['func (d *Download) Context() context.Context {', 'return d.ctx', '}']",1580.2183151245117
neg_006,False,rag,False,The candidate snippets implement different algorithms and functionalities that do not resemble the structure or logic of the query code.,[],[],1729.604721069336
pos_chunk_00006,True,rag,True,"The candidate snippet [1] has a very similar structure, control flow, and logic to the query code. It includes the same checks for `d.StopProgress`, the context done check, and the use of `fn(d)` and `time.Sleep(sleepd)`, indicating a high level of similarity in implementation.","[{'chunk_id': 'chunk_00006', 'path': 'got\\download.go', 'text': 'func (d *Download) RunProgress(fn ProgressFunc) {\n\n\t// Set default interval.\n\tif d.Interval == 0 {\n\t\td.Interval = uint64(400 / runtime.NumCPU())\n\t}\n\n\tsleepd := time.Duration(d.Interval) * time.Millisecond\n\n\tfor {\n\n\t\tif d.StopProgress {\n\t\t\tbreak\n\t\t}\n\n\t\t// Context check.\n\t\tselect {\n\t\tcase <-d.ctx.Done():\n\t\t\treturn\n\t\tdefault:\n\t\t}\n\n\t\t// Run progress func.\n\t\tfn(d)\n\n\t\t// Update last size\n\t\tatomic.StoreUint64(&d.lastSize, atomic.LoadUint64(&d.size))\n\n\t\t// Interval.\n\t\ttime.Sleep(sleepd)\n\t}\n}\n\n// Context returns download context.', 'similarity': 0.8737930358492714}]","['The structure of the loop and the use of `select` for context checking are identical.', 'The handling of `d.Interval` and the calculation of `sleepd` are the same in both snippets.', 'The use of `atomic.StoreUint64` and `atomic.LoadUint64` for updating `d.lastSize` is present in both snippets.']",4338.4058475494385
pos_chunk_00009,True,rag,True,"The candidate snippet [1] is identical to the query code, with no modifications.","[{'chunk_id': 'chunk_00009', 'path': 'got\\download.go', 'text': 'func (d *Download) Size() uint64 {\n\treturn atomic.LoadUint64(&d.size)\n}\n\n// Speed returns download speed.', 'similarity': 0.8433901530201564}]",['Candidate snippet [1] is identical to the query code.'],1499.0813732147217
neg_011,False,rag,False,"The candidate snippets do not contain any code that is structurally or functionally similar to the query code. They focus on different functionalities such as parsing, tokenization, and string handling, which are unrelated to the task of converting a string to uppercase.",[],[],2149.067163467407
pos_chunk_00005,True,rag,True,"The candidate snippet [1] has a very similar structure, control flow, and logic to the query code. It includes the same sequence of operations, such as checking if the file is rangeable, creating a file, truncating it, and handling errors through channels. The overall flow and handling of the context cancellation are also closely aligned with the query code.",[],"[""Both snippets check if 'd.info.Rangeable' is false and handle it similarly."", ""Both snippets create a file using 'os.Create(d.Path())' and handle errors in the same way."", ""The use of a channel 'errs' to handle errors from the download function is present in both snippets."", ""The control flow with 'select' statements and handling of 'd.ctx.Done()' is almost identical.""]",5635.085582733154
neg_015,False,rag,False,The candidate snippets do not share structural similarities or control flow patterns with the query code. They implement different algorithms and functionalities unrelated to merging slices.,[],[],1432.3370456695557
neg_012,False,rag,False,The candidate snippets do not share structural or functional similarities with the query code. They implement different functionalities and do not exhibit similar control flow or logic.,[],[],1614.4890785217285
pos_chunk_00002,True,rag,True,"The candidate snippet [1] has a very similar structure, control flow, and logic to the query code. It contains the same function name, variable names, and error handling patterns, indicating a high degree of similarity in implementation.","[{'chunk_id': 'chunk_00002', 'path': 'got\\chunks_test.go', 'text': 'func TestChunksLength(t *testing.T) {\n\n\td := &Download{\n\t\tURL:          ""https://proof.ovh.net/files/10Mb.dat"",\n\t\tMinChunkSize: 5242870,\n\t}\n\n\tif err := d.Init(); err != nil {\n\n\t\tt.Error(err)\n\t\treturn\n\t}\n\n\tchunk0 := Chunk{\n\t\tStart: 0,\n\t\tEnd:   5242870,\n\t}\n\n\t// Last chunk should not have end,\n\t// So the server must respond with the remaining content starting form 5242871\n\tchunk1 := Chunk{\n\t\tStart: 5242871,\n\t\tEnd:   10485759,\n\t}\n\n\tif d.info.Rangeable == false {\n\t\tt.Errorf(""Chunk information could not be retrieved for the test file: %s"", d.URL)\n\t\treturn\n\t}\n\n\tif d.chunks[0].Start != 0 {\n\n\t\tt.Errorf(""First chunk should start from 0, but got %d"", d.chunks[0].Start)\n\t}\n\n\tif chunk0.End != d.chunks[0].End {\n\n\t\tt.Errorf(""Chunk 0 expecting: %d but got: %d"", chunk0.End, d.chunks[0].End)\n\t}\n\n\tif d.chunks[1].Start != 5242871 {\n\n\t\tt.Errorf(""Second chunk should start from: 5242871, but got %d"", d.chunks[1].Start)\n\t}\n\n\tif chunk1.End != d.chunks[1].End {\n\n\t\tt.Errorf(""Chunk 1 expecting: %d but got: %d"", chunk1.End, d.chunks[1].End)\n\t}\n}', 'similarity': 0.7723971455972203}]","[""Function name 'TestChunksLength' is identical in both the query and candidate [1]."", ""The structure of initializing the 'Download' object and checking for errors is the same in both snippets."", 'The logic for checking the start and end of chunks is almost identical, including the specific values being checked (0, 5242870, 5242871, etc.).', ""Error messages in the 't.Errorf' calls are similar in both snippets, indicating a direct correlation in the way errors are handled.""]",4223.392963409424
pos_chunk_00013,True,rag,True,"The candidate snippet [1] has a very similar structure and logic to the query code, with only minor changes in variable names and formatting.",[],"['The function signature and parameters are identical.', 'The use of atomic operations on the same variable `d.size` is present in both snippets.', 'The return statement structure is almost identical, differing only in variable naming.']",3069.8561668395996
neg_003,False,rag,False,"The candidate snippets do not share structural similarities, control flow, or logic with the query code. They implement different algorithms and functionalities unrelated to the task of returning unique integers from a slice.",[],[],2662.9905700683594
pos_chunk_00004,True,rag,True,"The candidate snippet [1] has a very similar structure, control flow, and logic to the query code. It follows the same sequence of operations, including checks for `d.Client`, `d.ctx`, and `d.info.Rangeable`, as well as the way chunks are created and appended. The overall logic and flow of the function are nearly identical, indicating a high likelihood of plagiarism.","[{'chunk_id': 'chunk_00004', 'path': 'got\\download.go', 'text': 'func (d *Download) Init() (err error) {\n\n\t// Set start time.\n\td.startedAt = time.Now()\n\n\t// Set default client.\n\tif d.Client == nil {\n\t\td.Client = DefaultClient\n\t}\n\n\t// Set default context.\n\tif d.ctx == nil {\n\t\td.ctx = context.Background()\n\t}\n\n\t// Get URL info and partial content support state\n\tif d.info, err = d.GetInfoOrDownload(); err != nil {\n\t\treturn err\n\t}\n\n\t// Partial content not supported, and the file downladed.\n\tif d.info.Rangeable == false {\n\t\treturn nil\n\t}\n\n\t// Set concurrency default.\n\tif d.Concurrency == 0 {\n\t\td.Concurrency = getDefaultConcurrency()\n\t}\n\n\t// Set default chunk size\n\tif d.ChunkSize == 0 {\n\t\td.ChunkSize = getDefaultChunkSize(d.info.Size, d.MinChunkSize, d.MaxChunkSize, uint64(d.Concurrency))\n\t}\n\n\tchunksLen := d.info.Size / d.ChunkSize\n\td.chunks = make([]*Chunk, 0, chunksLen)\n\n\t// Set chunk ranges.\n\tfor i := uint64(0); i < chunksLen; i++ {\n\n\t\tchunk := new(Chunk)\n\t\td.chunks = append(d.chunks, chunk)\n\n\t\tchunk.Start = (d.ChunkSize * i) + i\n\t\tchunk.End = chunk.Start + d.ChunkSize\n\t\tif chunk.End >= d.info.Size || i == chunksLen-1 {\n\t\t\tchunk.End = d.info.Size - 1\n\t\t\t// Break on last chunk if i < chunksLen\n\t\t\tbreak\n\t\t}\n\t}\n\n\treturn nil\n}\n\n// Start downloads the file chunks, and merges them.\n// Must be called only after init', 'similarity': 0.787616168602992}]","['The function signature and return type are identical.', 'The checks for `d.Client` and `d.ctx` are in the same order and have similar comments.', 'The logic for handling `d.info.Rangeable` is the same, including the return statement if it is false.', 'The calculation of `chunksLen` and the creation of the `d.chunks` slice are identical in structure and purpose.', 'The loop for setting chunk ranges is almost identical, including the conditions for setting `chunk.End`.']",5546.980619430542
pos_chunk_00001,True,rag,True,"The candidate snippet [1] has a very similar structure and control flow to the query code, with only minor changes in variable names and formatting.","[{'chunk_id': 'chunk_00001', 'path': 'got\\chunk.go', 'text': 'func (dst *OffsetWriter) Write(b []byte) (n int, err error) {\n\tn, err = dst.WriteAt(b, dst.offset)\n\tdst.offset += int64(n)\n\treturn\n}\n\n// Chunk represents the partial content range\ntype Chunk struct {\n\tStart, End uint64\n}', 'similarity': 0.8895321894753399}]","['Both functions are methods of a struct that write data to a destination.', 'The logic of calling a WriteAt method with the same parameters is identical.', 'Both functions update an offset after writing the data.', 'The struct definition for Chunk is present in both snippets with the same fields.']",4370.065689086914
neg_002,False,hybrid_rag,False,The candidate snippets do not share any structural or functional similarities with the query code. They serve different purposes and have distinct implementations.,"[{'index': 305, 'repo': 'raft-go', 'path': 'raft-go\\raft\\config.go', 'dense_score': 1.0, 'bm25_score': None, 'fused_score': 0.5}, {'index': 167, 'repo': 'leetcode-go', 'path': 'leetcode-go\\1121-partition-array-for-maximum-sum\\partition-array-for-maximum-sum.go', 'dense_score': None, 'bm25_score': 1.0, 'fused_score': 0.5}, {'index': 313, 'repo': 'raft-go', 'path': 'raft-go\\raft\\config.go', 'dense_score': None, 'bm25_score': 0.9518751266493043, 'fused_score': 0.47593756332465215}, {'index': 312, 'repo': 'raft-go', 'path': 'raft-go\\raft\\config.go', 'dense_score': None, 'bm25_score': 0.9516859896996395, 'fused_score': 0.47584299484981973}, {'index': 309, 'repo': 'raft-go', 'path': 'raft-go\\raft\\config.go', 'dense_score': None, 'bm25_score': 0.8892174318656034, 'fused_score': 0.4446087159328017}]",[],1449.6970176696777
neg_005,False,hybrid_rag,False,The candidate snippets do not share any structural or functional similarities with the query code. They implement different algorithms and functionalities unrelated to the Fibonacci sequence calculation.,"[{'index': 166, 'repo': 'leetcode-go', 'path': 'leetcode-go\\1092-maximum-difference-between-node-and-ancestor\\maximum-difference-between-node-and-ancestor.go', 'dense_score': 1.0, 'bm25_score': None, 'fused_score': 0.5}, {'index': 305, 'repo': 'raft-go', 'path': 'raft-go\\raft\\config.go', 'dense_score': None, 'bm25_score': 1.0, 'fused_score': 0.5}, {'index': 12, 'repo': 'got', 'path': 'got\\download.go', 'dense_score': None, 'bm25_score': 0.9460881931613744, 'fused_score': 0.4730440965806872}, {'index': 307, 'repo': 'raft-go', 'path': 'raft-go\\raft\\config.go', 'dense_score': None, 'bm25_score': 0.9229215239386048, 'fused_score': 0.4614607619693024}, {'index': 160, 'repo': 'leetcode-go', 'path': 'leetcode-go\\105-construct-binary-tree-from-preorder-and-inorder-traversal\\construct-binary-tree-from-preorder-and-inorder-traversal.go', 'dense_score': None, 'bm25_score': 0.9176483247665788, 'fused_score': 0.4588241623832894}]",[],2250.4053115844727
neg_013,False,hybrid_rag,False,"The candidate snippets do not share structural similarities, control flow, or logic with the query code. They serve different purposes and have different implementations.","[{'index': 294, 'repo': 'raft-go', 'path': 'raft-go\\myrpc\\rpc.go', 'dense_score': 1.0, 'bm25_score': 0.7403870836291677, 'fused_score': 0.8701935418145839}, {'index': 322, 'repo': 'raft-go', 'path': 'raft-go\\raft\\config.go', 'dense_score': None, 'bm25_score': 1.0, 'fused_score': 0.5}, {'index': 166, 'repo': 'leetcode-go', 'path': 'leetcode-go\\1092-maximum-difference-between-node-and-ancestor\\maximum-difference-between-node-and-ancestor.go', 'dense_score': 0.9777448866647801, 'bm25_score': None, 'fused_score': 0.48887244333239005}, {'index': 298, 'repo': 'raft-go', 'path': 'raft-go\\myrpc\\rpc.go', 'dense_score': None, 'bm25_score': 0.7289155182325883, 'fused_score': 0.36445775911629413}, {'index': 225, 'repo': 'proglog', 'path': 'proglog\\ClientSideServiceDiscovery\\api\\v1\\log.pb.go', 'dense_score': None, 'bm25_score': 0.635089232346405, 'fused_score': 0.3175446161732025}]",[],2024.2586135864258
pos_chunk_00010,True,hybrid_rag,True,"The candidate snippet [1] is identical to the query code, including the function signature and the implementation of the Speed function.","[{'index': 9, 'repo': 'got', 'path': 'got\\download.go', 'dense_score': 0.9109457800085742, 'bm25_score': 1.0, 'fused_score': 0.955472890004287}, {'index': 8, 'repo': 'got', 'path': 'got\\download.go', 'dense_score': 1.0, 'bm25_score': 0.7847328408758397, 'fused_score': 0.8923664204379198}, {'index': 10, 'repo': 'got', 'path': 'got\\download.go', 'dense_score': 0.7631025323336982, 'bm25_score': 0.6807740314387156, 'fused_score': 0.7219382818862069}, {'index': 5, 'repo': 'got', 'path': 'got\\download.go', 'dense_score': 0.11272953525020102, 'bm25_score': 0.7501678650893817, 'fused_score': 0.43144870016979137}, {'index': 12, 'repo': 'got', 'path': 'got\\download.go', 'dense_score': None, 'bm25_score': 0.45902376228698094, 'fused_score': 0.22951188114349047}]",['Candidate snippet [1] is identical to the query code.'],1665.6081676483154
neg_004,False,hybrid_rag,False,The candidate snippets do not share any structural or functional similarities with the query code. They implement entirely different functionalities and algorithms.,"[{'index': 166, 'repo': 'leetcode-go', 'path': 'leetcode-go\\1092-maximum-difference-between-node-and-ancestor\\maximum-difference-between-node-and-ancestor.go', 'dense_score': 1.0, 'bm25_score': None, 'fused_score': 0.5}, {'index': 305, 'repo': 'raft-go', 'path': 'raft-go\\raft\\config.go', 'dense_score': None, 'bm25_score': 1.0, 'fused_score': 0.5}, {'index': 160, 'repo': 'leetcode-go', 'path': 'leetcode-go\\105-construct-binary-tree-from-preorder-and-inorder-traversal\\construct-binary-tree-from-preorder-and-inorder-traversal.go', 'dense_score': None, 'bm25_score': 0.9488781529003596, 'fused_score': 0.4744390764501798}, {'index': 12, 'repo': 'got', 'path': 'got\\download.go', 'dense_score': None, 'bm25_score': 0.9440095788387102, 'fused_score': 0.4720047894193551}, {'index': 307, 'repo': 'raft-go', 'path': 'raft-go\\raft\\config.go', 'dense_score': None, 'bm25_score': 0.9109680485661912, 'fused_score': 0.4554840242830956}]",[],1533.7681770324707
neg_001,False,hybrid_rag,False,"The candidate snippets do not share structural similarities, control flow, or logic with the query code. They serve different purposes and implement different functionalities.","[{'index': 167, 'repo': 'leetcode-go', 'path': 'leetcode-go\\1121-partition-array-for-maximum-sum\\partition-array-for-maximum-sum.go', 'dense_score': 1.0, 'bm25_score': None, 'fused_score': 0.5}, {'index': 57, 'repo': 'interpreter-go', 'path': 'interpreter-go\\ast\\ast.go', 'dense_score': None, 'bm25_score': 1.0, 'fused_score': 0.5}, {'index': 87, 'repo': 'interpreter-go', 'path': 'interpreter-go\\ast\\ast.go', 'dense_score': None, 'bm25_score': 0.9918603101455109, 'fused_score': 0.49593015507275545}, {'index': 305, 'repo': 'raft-go', 'path': 'raft-go\\raft\\config.go', 'dense_score': None, 'bm25_score': 0.9782798452623517, 'fused_score': 0.48913992263117584}, {'index': 362, 'repo': 'raft-go', 'path': 'raft-go\\raft\\raft_test.go', 'dense_score': None, 'bm25_score': 0.9280692910940459, 'fused_score': 0.46403464554702295}]",[],3066.4331912994385
pos_chunk_00011,True,hybrid_rag,True,"The candidate snippet [1] has a similar structure and control flow to the query code, with the same logic for calculating average speed based on total milliseconds and atomic loading of size.","[{'index': 10, 'repo': 'got', 'path': 'got\\download.go', 'dense_score': 1.0, 'bm25_score': 1.0, 'fused_score': 1.0}, {'index': 9, 'repo': 'got', 'path': 'got\\download.go', 'dense_score': 0.7152276484212174, 'bm25_score': 0.5288955301468428, 'fused_score': 0.6220615892840301}, {'index': 8, 'repo': 'got', 'path': 'got\\download.go', 'dense_score': 0.40753968363115267, 'bm25_score': 0.4572734297297017, 'fused_score': 0.43240655668042716}, {'index': 5, 'repo': 'got', 'path': 'got\\download.go', 'dense_score': None, 'bm25_score': 0.3821249089581991, 'fused_score': 0.19106245447909956}, {'index': 7, 'repo': 'got', 'path': 'got\\download.go', 'dense_score': 0.02701649171629661, 'bm25_score': 0.3515652642201604, 'fused_score': 0.1892908779682285}]","['Both snippets define a method AvgSpeed() for the Download struct.', 'Both snippets use atomic.LoadUint64 to access the size variable.', 'Both snippets check if totalMills is greater than 0 before performing the calculation.']",2840.1710987091064
neg_010,False,hybrid_rag,False,The candidate snippets do not share any structural or functional similarities with the query code. They serve different purposes and have different logic and control flow.,"[{'index': 103, 'repo': 'interpreter-go', 'path': 'interpreter-go\\lexer\\lexer.go', 'dense_score': 1.0, 'bm25_score': None, 'fused_score': 0.5}, {'index': 148, 'repo': 'interpreter-go', 'path': 'interpreter-go\\parser\\parser_test.go', 'dense_score': None, 'bm25_score': 1.0, 'fused_score': 0.5}, {'index': 49, 'repo': 'got', 'path': 'got\\cmd\\wgot\\main.go', 'dense_score': None, 'bm25_score': 0.9542188732948296, 'fused_score': 0.4771094366474148}, {'index': 41, 'repo': 'got', 'path': 'got\\cmd\\got\\main.go', 'dense_score': None, 'bm25_score': 0.9542188732948296, 'fused_score': 0.4771094366474148}, {'index': 18, 'repo': 'got', 'path': 'got\\download.go', 'dense_score': None, 'bm25_score': 0.8448921653530213, 'fused_score': 0.4224460826765106}]",[],1549.6492385864258
pos_chunk_00008,True,hybrid_rag,True,"The candidate snippet [1] is identical to the query code, with the addition of a comment. This indicates direct copying of the function implementation without any modification to the core logic.","[{'index': 7, 'repo': 'got', 'path': 'got\\download.go', 'dense_score': 1.0, 'bm25_score': 1.0, 'fused_score': 1.0}, {'index': 8, 'repo': 'got', 'path': 'got\\download.go', 'dense_score': 0.32804272037429105, 'bm25_score': 0.6567865340079474, 'fused_score': 0.4924146271911192}, {'index': 3, 'repo': 'got', 'path': 'got\\download.go', 'dense_score': None, 'bm25_score': 0.6478430328032014, 'fused_score': 0.3239215164016007}, {'index': 28, 'repo': 'got', 'path': 'got\\download_test.go', 'dense_score': 0.0, 'bm25_score': 0.6258304112169419, 'fused_score': 0.31291520560847097}, {'index': 23, 'repo': 'got', 'path': 'got\\download_test.go', 'dense_score': None, 'bm25_score': 0.6208792332759843, 'fused_score': 0.31043961663799213}]",['Candidate snippet [1] is identical to the query code.'],3915.4887199401855
pos_chunk_00014,True,hybrid_rag,True,"The candidate snippet [1] is identical to the query code, with the addition of a comment. This indicates direct copying of the function implementation.","[{'index': 13, 'repo': 'got', 'path': 'got\\download.go', 'dense_score': 1.0, 'bm25_score': 1.0, 'fused_score': 1.0}, {'index': 12, 'repo': 'got', 'path': 'got\\download.go', 'dense_score': 0.17055419311301667, 'bm25_score': 0.495036444535528, 'fused_score': 0.3327953188242723}, {'index': 7, 'repo': 'got', 'path': 'got\\download.go', 'dense_score': 0.12359585325918465, 'bm25_score': 0.5216330356151451, 'fused_score': 0.32261444443716486}, {'index': 3, 'repo': 'got', 'path': 'got\\download.go', 'dense_score': None, 'bm25_score': 0.4987283727572222, 'fused_score': 0.2493641863786111}, {'index': 4, 'repo': 'got', 'path': 'got\\download.go', 'dense_score': None, 'bm25_score': 0.4751810703320615, 'fused_score': 0.23759053516603074}]",['Candidate snippet [1] is identical to the query code except for a comment.'],1994.417667388916
pos_chunk_00003,True,hybrid_rag,True,"The candidate snippet [1] has a very similar structure, control flow, and logic to the query code, including the handling of HTTP requests, response status checks, and error handling.","[{'index': 2, 'repo': 'got', 'path': 'got\\download.go', 'dense_score': 1.0, 'bm25_score': 1.0, 'fused_score': 1.0}, {'index': 16, 'repo': 'got', 'path': 'got\\download.go', 'dense_score': 0.9741497591142028, 'bm25_score': 0.6288786263912707, 'fused_score': 0.8015141927527367}, {'index': 169, 'repo': 'proglog', 'path': 'proglog\\ClientSideServiceDiscovery\\api\\v1\\error.go', 'dense_score': None, 'bm25_score': 0.35998524410716387, 'fused_score': 0.17999262205358194}, {'index': 288, 'repo': 'raft-go', 'path': 'raft-go\\myrpc\\rpc.go', 'dense_score': None, 'bm25_score': 0.2869620688684074, 'fused_score': 0.1434810344342037}, {'index': 261, 'repo': 'proglog', 'path': 'proglog\\ClientSideServiceDiscovery\\internal\\discovery\\membership.go', 'dense_score': None, 'bm25_score': 0.2740462949814853, 'fused_score': 0.13702314749074265}]","['Both snippets define a method for downloading information and handling HTTP responses.', 'Both snippets check for errors in the HTTP request and response, returning appropriate error messages.', ""The logic for handling the 'content-range' header and parsing its value is nearly identical in both snippets.""]",3219.996929168701
pos_chunk_00015,True,hybrid_rag,True,"The candidate snippet [1] closely resembles the query code in structure, control flow, and logic, including the use of goroutines, wait groups, and error handling. The overall approach to downloading chunks concurrently is identical, with only minor variations in variable names and comments.","[{'index': 14, 'repo': 'got', 'path': 'got\\download.go', 'dense_score': 1.0, 'bm25_score': 1.0, 'fused_score': 1.0}, {'index': 4, 'repo': 'got', 'path': 'got\\download.go', 'dense_score': 0.4545306204596222, 'bm25_score': 0.3423791004097545, 'fused_score': 0.39845486043468836}, {'index': 163, 'repo': 'leetcode-go', 'path': 'leetcode-go\\1072-next-greater-node-in-linked-list\\next-greater-node-in-linked-list.go', 'dense_score': None, 'bm25_score': 0.4326858777971933, 'fused_score': 0.21634293889859665}, {'index': 370, 'repo': 'raft-go', 'path': 'raft-go\\raft\\raft_test.go', 'dense_score': None, 'bm25_score': 0.3348729549075448, 'fused_score': 0.1674364774537724}, {'index': 3, 'repo': 'got', 'path': 'got\\download.go', 'dense_score': 0.0503319579351067, 'bm25_score': 0.2840642769657728, 'fused_score': 0.16719811745043975}]","['The use of a WaitGroup to manage concurrent downloads is present in both snippets.', 'Both snippets utilize a channel to limit concurrency and handle errors.', 'The logic for downloading chunks and handling errors is structurally the same, with similar flow and control statements.']",3380.199670791626
neg_009,False,hybrid_rag,False,The candidate snippets do not share any structural or functional similarities with the query code. They implement different algorithms and functionalities unrelated to sorting.,"[{'index': 167, 'repo': 'leetcode-go', 'path': 'leetcode-go\\1121-partition-array-for-maximum-sum\\partition-array-for-maximum-sum.go', 'dense_score': 1.0, 'bm25_score': 1.0, 'fused_score': 1.0}, {'index': 313, 'repo': 'raft-go', 'path': 'raft-go\\raft\\config.go', 'dense_score': None, 'bm25_score': 0.5592798417371599, 'fused_score': 0.27963992086857997}, {'index': 312, 'repo': 'raft-go', 'path': 'raft-go\\raft\\config.go', 'dense_score': None, 'bm25_score': 0.558731207015992, 'fused_score': 0.279365603507996}, {'index': 309, 'repo': 'raft-go', 'path': 'raft-go\\raft\\config.go', 'dense_score': None, 'bm25_score': 0.48043984005407747, 'fused_score': 0.24021992002703874}, {'index': 365, 'repo': 'raft-go', 'path': 'raft-go\\raft\\raft_test.go', 'dense_score': None, 'bm25_score': 0.45228569827146586, 'fused_score': 0.22614284913573293}]",[],3069.923162460327
neg_008,False,hybrid_rag,False,"The candidate snippets do not share structural similarities, control flow, or logic with the query code. They implement different functionalities unrelated to palindrome checking.","[{'index': 99, 'repo': 'interpreter-go', 'path': 'interpreter-go\\lexer\\lexer.go', 'dense_score': 1.0, 'bm25_score': None, 'fused_score': 0.5}, {'index': 271, 'repo': 'raft-go', 'path': 'raft-go\\mygob\\gob.go', 'dense_score': None, 'bm25_score': 1.0, 'fused_score': 0.5}, {'index': 98, 'repo': 'interpreter-go', 'path': 'interpreter-go\\lexer\\lexer.go', 'dense_score': 0.9142247986147708, 'bm25_score': None, 'fused_score': 0.4571123993073854}, {'index': 159, 'repo': 'leetcode-go', 'path': 'leetcode-go\\1049-minimum-domino-rotations-for-equal-row\\minimum-domino-rotations-for-equal-row.go', 'dense_score': None, 'bm25_score': 0.885460404539191, 'fused_score': 0.4427302022695955}, {'index': 167, 'repo': 'leetcode-go', 'path': 'leetcode-go\\1121-partition-array-for-maximum-sum\\partition-array-for-maximum-sum.go', 'dense_score': None, 'bm25_score': 0.8799505942580987, 'fused_score': 0.43997529712904937}]",[],1744.1346645355225
neg_007,False,hybrid_rag,False,The candidate snippets do not contain any code that resembles the structure or logic of the query function for counting vowels. They focus on different functionalities and do not share any significant similarities in terms of control flow or purpose.,"[{'index': 148, 'repo': 'interpreter-go', 'path': 'interpreter-go\\parser\\parser_test.go', 'dense_score': 1.0, 'bm25_score': 0.9134921181919755, 'fused_score': 0.9567460590959878}, {'index': 322, 'repo': 'raft-go', 'path': 'raft-go\\raft\\config.go', 'dense_score': None, 'bm25_score': 1.0, 'fused_score': 0.5}, {'index': 261, 'repo': 'proglog', 'path': 'proglog\\ClientSideServiceDiscovery\\internal\\discovery\\membership.go', 'dense_score': None, 'bm25_score': 0.9315995839424134, 'fused_score': 0.4657997919712067}, {'index': 294, 'repo': 'raft-go', 'path': 'raft-go\\myrpc\\rpc.go', 'dense_score': None, 'bm25_score': 0.8465795122692297, 'fused_score': 0.42328975613461484}, {'index': 292, 'repo': 'raft-go', 'path': 'raft-go\\myrpc\\rpc.go', 'dense_score': None, 'bm25_score': 0.8436296435157796, 'fused_score': 0.4218148217578898}]",[],1949.4502544403076
neg_014,False,hybrid_rag,False,The candidate snippets do not share structural or functional similarities with the query code. They implement different algorithms and serve different purposes.,"[{'index': 159, 'repo': 'leetcode-go', 'path': 'leetcode-go\\1049-minimum-domino-rotations-for-equal-row\\minimum-domino-rotations-for-equal-row.go', 'dense_score': 0.29482449953887047, 'bm25_score': 0.8032451192841287, 'fused_score': 0.5490348094114996}, {'index': 79, 'repo': 'interpreter-go', 'path': 'interpreter-go\\ast\\ast.go', 'dense_score': 1.0, 'bm25_score': None, 'fused_score': 0.5}, {'index': 168, 'repo': 'leetcode-go', 'path': 'leetcode-go\\1184-car-pooling\\car-pooling.go', 'dense_score': 0.0, 'bm25_score': 1.0, 'fused_score': 0.5}, {'index': 225, 'repo': 'proglog', 'path': 'proglog\\ClientSideServiceDiscovery\\api\\v1\\log.pb.go', 'dense_score': None, 'bm25_score': 0.9388757421398358, 'fused_score': 0.4694378710699179}, {'index': 143, 'repo': 'interpreter-go', 'path': 'interpreter-go\\parser\\parser_test.go', 'dense_score': None, 'bm25_score': 0.9232904760783874, 'fused_score': 0.4616452380391937}]",[],2149.433135986328
pos_chunk_00012,True,hybrid_rag,True,"The candidate snippet [1] is identical to the query code, with only a comment added after the function. This constitutes plagiarism as it is a direct copy of the original code.","[{'index': 11, 'repo': 'got', 'path': 'got\\download.go', 'dense_score': 1.0, 'bm25_score': 1.0, 'fused_score': 1.0}, {'index': 5, 'repo': 'got', 'path': 'got\\download.go', 'dense_score': 0.35773658324823765, 'bm25_score': 0.4318525517751254, 'fused_score': 0.3947945675116815}, {'index': 10, 'repo': 'got', 'path': 'got\\download.go', 'dense_score': 0.3165804659789949, 'bm25_score': 0.3852839851497479, 'fused_score': 0.3509322255643714}, {'index': 3, 'repo': 'got', 'path': 'got\\download.go', 'dense_score': None, 'bm25_score': 0.3496619526303982, 'fused_score': 0.1748309763151991}, {'index': 319, 'repo': 'raft-go', 'path': 'raft-go\\raft\\config.go', 'dense_score': None, 'bm25_score': 0.2920842493396487, 'fused_score': 0.14604212466982436}]",['Candidate snippet [1] is identical to the query code.'],2769.2267894744873
pos_chunk_00007,True,hybrid_rag,True,"The candidate snippet [1] contains the exact same function implementation as the query code, including the function signature and body.","[{'index': 6, 'repo': 'got', 'path': 'got\\download.go', 'dense_score': 0.8558001226842021, 'bm25_score': 1.0, 'fused_score': 0.9279000613421011}, {'index': 17, 'repo': 'got', 'path': 'got\\download.go', 'dense_score': 0.8008739246213306, 'bm25_score': 0.7680496096659177, 'fused_score': 0.7844617671436241}, {'index': 44, 'repo': 'got', 'path': 'got\\cmd\\got\\main.go', 'dense_score': 1.0, 'bm25_score': None, 'fused_score': 0.5}, {'index': 52, 'repo': 'got', 'path': 'got\\cmd\\wgot\\main.go', 'dense_score': 1.0, 'bm25_score': None, 'fused_score': 0.5}, {'index': 5, 'repo': 'got', 'path': 'got\\download.go', 'dense_score': None, 'bm25_score': 0.8011518905092693, 'fused_score': 0.40057594525463464}]","[""Candidate snippet [1] has the same function signature: 'func (d *Download) Context() context.Context {'"", ""Candidate snippet [1] has the same return statement: 'return d.ctx'""]",2713.808536529541
neg_006,False,hybrid_rag,False,"The candidate snippets do not share structural similarities, control flow, or logic with the query code. Each candidate serves a different purpose and implements distinct algorithms.","[{'index': 167, 'repo': 'leetcode-go', 'path': 'leetcode-go\\1121-partition-array-for-maximum-sum\\partition-array-for-maximum-sum.go', 'dense_score': 1.0, 'bm25_score': 1.0, 'fused_score': 1.0}, {'index': 165, 'repo': 'leetcode-go', 'path': 'leetcode-go\\1092-maximum-difference-between-node-and-ancestor\\maximum-difference-between-node-and-ancestor.go', 'dense_score': 0.25912478707864217, 'bm25_score': 0.9399677681213504, 'fused_score': 0.5995462775999962}, {'index': 14, 'repo': 'got', 'path': 'got\\download.go', 'dense_score': None, 'bm25_score': 0.9268664716733562, 'fused_score': 0.4634332358366781}, {'index': 19, 'repo': 'got', 'path': 'got\\download.go', 'dense_score': None, 'bm25_score': 0.8748528772807698, 'fused_score': 0.4374264386403849}, {'index': 225, 'repo': 'proglog', 'path': 'proglog\\ClientSideServiceDiscovery\\api\\v1\\log.pb.go', 'dense_score': None, 'bm25_score': 0.8358978560378889, 'fused_score': 0.41794892801894445}]",[],1583.7161540985107
pos_chunk_00006,True,hybrid_rag,True,"The candidate snippet [1] has a very similar structure, control flow, and logic to the query code. It includes the same checks for `d.StopProgress`, the context done check, and the use of `fn(d)` and `time.Sleep(sleepd)`, indicating a high degree of similarity in implementation.","[{'index': 5, 'repo': 'got', 'path': 'got\\download.go', 'dense_score': 1.0, 'bm25_score': 1.0, 'fused_score': 1.0}, {'index': 4, 'repo': 'got', 'path': 'got\\download.go', 'dense_score': 0.13221698557511163, 'bm25_score': 0.41608873862941104, 'fused_score': 0.2741528621022613}, {'index': 9, 'repo': 'got', 'path': 'got\\download.go', 'dense_score': None, 'bm25_score': 0.4972370531330831, 'fused_score': 0.24861852656654154}, {'index': 11, 'repo': 'got', 'path': 'got\\download.go', 'dense_score': 0.40781174309704504, 'bm25_score': None, 'fused_score': 0.20390587154852252}, {'index': 10, 'repo': 'got', 'path': 'got\\download.go', 'dense_score': None, 'bm25_score': 0.3574897774813903, 'fused_score': 0.17874488874069516}]","['The structure of the loop and the use of `select` for context checking are identical.', 'The handling of `d.Interval` and the calculation of `sleepd` are the same.', 'The use of atomic operations to update `lastSize` is present in both snippets.']",3865.7984733581543
pos_chunk_00009,True,hybrid_rag,True,"The candidate snippet [1] contains the exact same function implementation as the query code, with no modifications.","[{'index': 8, 'repo': 'got', 'path': 'got\\download.go', 'dense_score': 1.0, 'bm25_score': 1.0, 'fused_score': 1.0}, {'index': 7, 'repo': 'got', 'path': 'got\\download.go', 'dense_score': 0.6103659661475218, 'bm25_score': 0.7444688774434006, 'fused_score': 0.6774174217954612}, {'index': 9, 'repo': 'got', 'path': 'got\\download.go', 'dense_score': 0.12613015291033536, 'bm25_score': 0.9140550467557467, 'fused_score': 0.520092599833041}, {'index': 10, 'repo': 'got', 'path': 'got\\download.go', 'dense_score': 0.0936505327357493, 'bm25_score': 0.8592142117640146, 'fused_score': 0.47643237224988194}, {'index': 5, 'repo': 'got', 'path': 'got\\download.go', 'dense_score': None, 'bm25_score': 0.7171660215084531, 'fused_score': 0.35858301075422655}]",['Candidate snippet [1] has the same function definition and implementation as the query code.'],2187.6754760742188
neg_011,False,hybrid_rag,False,"The candidate snippets do not contain any code that resembles the query function in structure, logic, or purpose. They focus on different functionalities such as parsing expressions, handling downloads, and managing configurations, which are unrelated to the task of converting a string to uppercase.","[{'index': 148, 'repo': 'interpreter-go', 'path': 'interpreter-go\\parser\\parser_test.go', 'dense_score': 1.0, 'bm25_score': 1.0, 'fused_score': 1.0}, {'index': 41, 'repo': 'got', 'path': 'got\\cmd\\got\\main.go', 'dense_score': None, 'bm25_score': 0.9513369688739673, 'fused_score': 0.4756684844369837}, {'index': 49, 'repo': 'got', 'path': 'got\\cmd\\wgot\\main.go', 'dense_score': None, 'bm25_score': 0.9513369688739673, 'fused_score': 0.4756684844369837}, {'index': 245, 'repo': 'proglog', 'path': 'proglog\\ClientSideServiceDiscovery\\internal\\agent\\agent.go', 'dense_score': None, 'bm25_score': 0.8775458590431229, 'fused_score': 0.43877292952156144}, {'index': 259, 'repo': 'proglog', 'path': 'proglog\\ClientSideServiceDiscovery\\internal\\discovery\\membership.go', 'dense_score': None, 'bm25_score': 0.871181243540984, 'fused_score': 0.435590621770492}]",[],2746.617555618286
pos_chunk_00005,True,hybrid_rag,True,"The candidate snippet [1] has a very similar structure, control flow, and logic to the query code, including the handling of errors, context cancellation, and file operations.","[{'index': 4, 'repo': 'got', 'path': 'got\\download.go', 'dense_score': 1.0, 'bm25_score': 1.0, 'fused_score': 1.0}, {'index': 3, 'repo': 'got', 'path': 'got\\download.go', 'dense_score': None, 'bm25_score': 0.4518894064836879, 'fused_score': 0.22594470324184396}, {'index': 6, 'repo': 'got', 'path': 'got\\download.go', 'dense_score': None, 'bm25_score': 0.44648166999617367, 'fused_score': 0.22324083499808683}, {'index': 5, 'repo': 'got', 'path': 'got\\download.go', 'dense_score': None, 'bm25_score': 0.4456881620620257, 'fused_score': 0.22284408103101286}, {'index': 15, 'repo': 'got', 'path': 'got\\download.go', 'dense_score': None, 'bm25_score': 0.42026738453245277, 'fused_score': 0.21013369226622639}]","['Both snippets define a method `Start` for a `Download` struct.', 'Both snippets check if `d.info.Rangeable` is false and handle it similarly by returning early.', 'Both snippets create a file using `os.Create(d.Path())` and handle errors in a similar manner.', 'Both snippets use a goroutine to call `d.dl(file, errs)` and handle the error channel in a similar way with a select statement.']",3792.954921722412
neg_015,False,hybrid_rag,False,"The candidate snippets do not share any structural or functional similarities with the query code. They implement different functionalities and do not exhibit any resemblance in terms of logic, control flow, or data handling.","[{'index': 148, 'repo': 'interpreter-go', 'path': 'interpreter-go\\parser\\parser_test.go', 'dense_score': 0.9611935123863415, 'bm25_score': 1.0, 'fused_score': 0.9805967561931708}, {'index': 158, 'repo': 'leetcode-go', 'path': 'leetcode-go\\1029-vertical-order-traversal-of-a-binary-tree\\vertical-order-traversal-of-a-binary-tree.go', 'dense_score': 1.0, 'bm25_score': 0.7542898507793652, 'fused_score': 0.8771449253896826}, {'index': 305, 'repo': 'raft-go', 'path': 'raft-go\\raft\\config.go', 'dense_score': None, 'bm25_score': 0.9432251056890604, 'fused_score': 0.4716125528445302}, {'index': 12, 'repo': 'got', 'path': 'got\\download.go', 'dense_score': None, 'bm25_score': 0.8824797489957235, 'fused_score': 0.44123987449786173}, {'index': 248, 'repo': 'proglog', 'path': 'proglog\\ClientSideServiceDiscovery\\internal\\agent\\agent.go', 'dense_score': None, 'bm25_score': 0.8748533651347467, 'fused_score': 0.4374266825673733}]",[],2728.105068206787
neg_012,False,hybrid_rag,False,"The candidate snippets do not share any structural or functional similarities with the query code. They implement different functionalities and do not resemble the Average function in terms of logic, control flow, or purpose.","[{'index': 161, 'repo': 'leetcode-go', 'path': 'leetcode-go\\1055-pairs-of-songs-with-total-durations-divisible-by-60\\pairs-of-songs-with-total-durations-divisible-by-60.go', 'dense_score': 1.0, 'bm25_score': None, 'fused_score': 0.5}, {'index': 225, 'repo': 'proglog', 'path': 'proglog\\ClientSideServiceDiscovery\\api\\v1\\log.pb.go', 'dense_score': None, 'bm25_score': 1.0, 'fused_score': 0.5}, {'index': 41, 'repo': 'got', 'path': 'got\\cmd\\got\\main.go', 'dense_score': None, 'bm25_score': 0.9491536827800592, 'fused_score': 0.4745768413900296}, {'index': 49, 'repo': 'got', 'path': 'got\\cmd\\wgot\\main.go', 'dense_score': None, 'bm25_score': 0.9491536827800592, 'fused_score': 0.4745768413900296}, {'index': 298, 'repo': 'raft-go', 'path': 'raft-go\\myrpc\\rpc.go', 'dense_score': None, 'bm25_score': 0.9376150791611791, 'fused_score': 0.46880753958058957}]",[],1780.6389331817627
pos_chunk_00002,True,hybrid_rag,True,"The candidate snippet [1] has a high degree of similarity to the query code, including the same structure, control flow, and logic for testing chunk lengths, as well as identical error messages and variable names.","[{'index': 1, 'repo': 'got', 'path': 'got\\chunks_test.go', 'dense_score': 1.0, 'bm25_score': 1.0, 'fused_score': 1.0}, {'index': 33, 'repo': 'got', 'path': 'got\\download_test.go', 'dense_score': 0.36069364646958013, 'bm25_score': 0.3689879961423994, 'fused_score': 0.36484082130598977}, {'index': 3, 'repo': 'got', 'path': 'got\\download.go', 'dense_score': None, 'bm25_score': 0.5345688410305888, 'fused_score': 0.2672844205152944}, {'index': 28, 'repo': 'got', 'path': 'got\\download_test.go', 'dense_score': 0.08518594982367622, 'bm25_score': 0.35464441537322217, 'fused_score': 0.2199151825984492}, {'index': 16, 'repo': 'got', 'path': 'got\\download.go', 'dense_score': 0.0, 'bm25_score': 0.3704372750562118, 'fused_score': 0.1852186375281059}]","['Both snippets define a function named `TestChunksLength` with the same signature.', 'Both snippets create a `Download` object with the same URL and `MinChunkSize` value.', 'The error handling and assertions in both snippets are nearly identical, including the specific error messages for chunk expectations.', 'The logic for checking the start and end of chunks is structured in the same way, with similar if conditions and error reporting.']",4698.19712638855
pos_chunk_00013,True,hybrid_rag,True,"The candidate snippet [1] has a very similar structure and logic to the query code, with only minor variable name changes and identical functionality.","[{'index': 12, 'repo': 'got', 'path': 'got\\download.go', 'dense_score': 1.0, 'bm25_score': 1.0, 'fused_score': 1.0}, {'index': 8, 'repo': 'got', 'path': 'got\\download.go', 'dense_score': 0.21585249049740174, 'bm25_score': 0.4662151065817574, 'fused_score': 0.3410337985395796}, {'index': 0, 'repo': 'got', 'path': 'got\\chunk.go', 'dense_score': 0.13716236109503344, 'bm25_score': 0.5087370240535934, 'fused_score': 0.32294969257431344}, {'index': 9, 'repo': 'got', 'path': 'got\\download.go', 'dense_score': None, 'bm25_score': 0.47330619582866446, 'fused_score': 0.23665309791433223}, {'index': 10, 'repo': 'got', 'path': 'got\\download.go', 'dense_score': None, 'bm25_score': 0.46945347986240626, 'fused_score': 0.23472673993120313}]","['The function signature is identical: `func (d *Download) Write(b []byte) (int, error)`', 'The use of `atomic.AddUint64(&d.size, uint64(n))` is the same in both snippets.', 'The return statement `return n, nil` is also identical in both snippets.']",2719.8007106781006
neg_003,False,hybrid_rag,False,"The candidate snippets do not share structural similarities, control flow, or logic with the query code. They implement different functionalities and do not exhibit any significant resemblance in terms of code structure or algorithmic approach.","[{'index': 166, 'repo': 'leetcode-go', 'path': 'leetcode-go\\1092-maximum-difference-between-node-and-ancestor\\maximum-difference-between-node-and-ancestor.go', 'dense_score': 1.0, 'bm25_score': None, 'fused_score': 0.5}, {'index': 309, 'repo': 'raft-go', 'path': 'raft-go\\raft\\config.go', 'dense_score': None, 'bm25_score': 1.0, 'fused_score': 0.5}, {'index': 225, 'repo': 'proglog', 'path': 'proglog\\ClientSideServiceDiscovery\\api\\v1\\log.pb.go', 'dense_score': None, 'bm25_score': 0.962546317148234, 'fused_score': 0.481273158574117}, {'index': 161, 'repo': 'leetcode-go', 'path': 'leetcode-go\\1055-pairs-of-songs-with-total-durations-divisible-by-60\\pairs-of-songs-with-total-durations-divisible-by-60.go', 'dense_score': 0.8172804261921687, 'bm25_score': None, 'fused_score': 0.40864021309608434}, {'index': 158, 'repo': 'leetcode-go', 'path': 'leetcode-go\\1029-vertical-order-traversal-of-a-binary-tree\\vertical-order-traversal-of-a-binary-tree.go', 'dense_score': None, 'bm25_score': 0.8076421893256639, 'fused_score': 0.40382109466283195}]",[],1643.740177154541
pos_chunk_00004,True,hybrid_rag,True,"The candidate snippet [1] has a very similar structure, control flow, and logic to the query code. It follows the same sequence of operations, including checks for `d.Client`, `d.ctx`, and `d.info.Rangeable`, as well as the way chunks are created and appended. The overall logic and flow of the function are nearly identical, indicating a high likelihood of plagiarism.","[{'index': 3, 'repo': 'got', 'path': 'got\\download.go', 'dense_score': 1.0, 'bm25_score': 1.0, 'fused_score': 1.0}, {'index': 4, 'repo': 'got', 'path': 'got\\download.go', 'dense_score': 0.5017691114505669, 'bm25_score': 0.42497733372790203, 'fused_score': 0.46337322258923447}, {'index': 1, 'repo': 'got', 'path': 'got\\chunks_test.go', 'dense_score': 0.19684682445463564, 'bm25_score': 0.6093275278870274, 'fused_score': 0.4030871761708315}, {'index': 14, 'repo': 'got', 'path': 'got\\download.go', 'dense_score': 0.29694902630202036, 'bm25_score': 0.4346936125129397, 'fused_score': 0.36582131940748003}, {'index': 23, 'repo': 'got', 'path': 'got\\download_test.go', 'dense_score': None, 'bm25_score': 0.42723206739523373, 'fused_score': 0.21361603369761686}]","['The initialization of `d.startedAt` is present in both snippets.', 'Both snippets check if `d.Client` is nil and set it to `DefaultClient`.', 'Both snippets check if `d.ctx` is nil and set it to `context.Background()`.', 'The handling of `d.info.Rangeable` is identical, returning early if it is false.', 'The calculation of `chunksLen` and the creation of chunks in a loop are structured the same way.']",4112.495899200439
pos_chunk_00001,True,hybrid_rag,True,"The candidate snippet [1] has a very similar structure and control flow to the query code, with only minor changes in variable names and formatting.","[{'index': 0, 'repo': 'got', 'path': 'got\\chunk.go', 'dense_score': 1.0, 'bm25_score': 1.0, 'fused_score': 1.0}, {'index': 12, 'repo': 'got', 'path': 'got\\download.go', 'dense_score': 0.34388560770246757, 'bm25_score': 0.2599034051608964, 'fused_score': 0.301894506431682}, {'index': 295, 'repo': 'raft-go', 'path': 'raft-go\\myrpc\\rpc.go', 'dense_score': None, 'bm25_score': 0.22498512227462558, 'fused_score': 0.11249256113731279}, {'index': 182, 'repo': 'proglog', 'path': 'proglog\\ClientSideServiceDiscovery\\api\\v1\\log.pb.go', 'dense_score': None, 'bm25_score': 0.21577029470085357, 'fused_score': 0.10788514735042679}, {'index': 169, 'repo': 'proglog', 'path': 'proglog\\ClientSideServiceDiscovery\\api\\v1\\error.go', 'dense_score': None, 'bm25_score': 0.21477313417857186, 'fused_score': 0.10738656708928593}]","['Both functions are methods of a struct that write data to a destination.', 'Both functions use a similar approach to update an offset after writing data.', 'The structure of the Chunk type is identical in both snippets.']",2695.6493854522705
